[
  {
    "title": "Pathologic 3",
    "slug": "pathologic-3",
    "year": "2026",
    "size": "29.1 GB",
    "genre": "Horror",
    "version": "V RC 60964",
    "rating": "4.5",
    "genres": ["Horror", "Atmospheric", "Surreal"],
    "image": "https://images.igdb.com/igdb/image/upload/t_cover_big/co8v8x.webp"
  },
  {
    "title": "StarRupture",
    "slug": "star-rupture",
    "year": "2024",
    "size": "15 GB",
    "genre": "Action",
    "version": "V 1.0",
    "rating": "4.2",
    "genres": ["Action", "Sci-Fi", "Survival"],
    "image": "https://images.igdb.com/igdb/image/upload/t_cover_big/co7u9m.webp"
  },
  {
    "title": "My Winter Car",
    "slug": "my-winter-car",
    "year": "2025",
    "size": "4 GB",
    "genre": "Simulation",
    "version": "EARLY ACCESS",
    "rating": "4.9",
    "genres": ["Simulation", "Driving", "Indie"],
    "image": "https://images.igdb.com/igdb/image/upload/t_cover_big/co2l0q.webp"
  },
  {
    "title": "Cyberpunk 2077",
    "slug": "cyberpunk",
    "year": "2020",
    "size": "40 GB",
    "genre": "Open World",
    "version": "V 2.1",
    "rating": "4.9",
    "genres": ["RPG", "Open World", "Sci-Fi"],
    "image": "https://images.igdb.com/igdb/image/upload/t_cover_big/coaih8.webp"
  }
]
